名称,类型,上映时间,片长,评分,收入(百万)
Guardians of the Galaxy,"Action,Adventure,Sci-Fi",2014,121,8.1,333.13
Prometheus,"Adventure,Mystery,Sci-Fi",2012,124,7,126.46
Split,"Horror,Thriller",2016,117,7.3,138.12
Sing,"Animation,Comedy,Family",2016,108,7.2,270.32
Suicide Squad,"Action,Adventure,Fantasy",2016,123,6.2,325.02
The Great Wall,"Action,Adventure,Fantasy",2016,103,6.1,45.13
La La Land,"Comedy,Drama,Music",2016,128,8.3,151.06
The Lost City of Z,"Action,Adventure,Biography",2016,141,7.1,8.01
Passengers,"Adventure,Drama,Romance",2016,116,7,100.01
Fantastic Beasts and Where to Find Them,"Adventure,Family,Fantasy",2016,133,7.5,234.02
Hidden Figures,"Biography,Drama,History",2016,127,7.8,169.27
Rogue One,"Action,Adventure,Sci-Fi",2016,133,7.9,532.17
Moana,"Animation,Adventure,Comedy",2016,107,7.7,248.75
Colossal,"Action,Comedy,Drama",2016,109,6.4,2.87
The Secret Life of Pets,"Animation,Adventure,Comedy",2016,87,6.6,368.31
Jason Bourne,"Action,Thriller",2016,123,6.7,162.16
Lion,"Biography,Drama",2016,118,8.1,51.69
Arrival,"Drama,Mystery,Sci-Fi",2016,116,8,100.5
Gold,"Adventure,Drama,Thriller",2016,120,6.7,7.22
Manchester by the Sea,Drama,2016,137,7.9,47.7
Trolls,"Animation,Adventure,Comedy",2016,92,6.5,153.69
Independence Day: Resurgence,"Action,Adventure,Sci-Fi",2016,120,5.3,103.14
Bahubali: The Beginning,"Action,Adventure,Drama",2015,159,8.3,6.5
Dead Awake,"Horror,Thriller",2016,99,4.7,0.01
Bad Moms,Comedy,2016,100,6.2,113.08
Assassin's Creed,"Action,Adventure,Drama",2016,115,5.9,54.65
Nocturnal Animals,"Drama,Thriller",2016,116,7.5,10.64
X-Men: Apocalypse,"Action,Adventure,Sci-Fi",2016,144,7.1,155.33
Deadpool,"Action,Adventure,Comedy",2016,108,8,363.02
Resident Evil: The Final Chapter,"Action,Horror,Sci-Fi",2016,107,5.6,26.84
Captain America: Civil War,"Action,Adventure,Sci-Fi",2016,147,7.9,408.08
Interstellar,"Adventure,Drama,Sci-Fi",2014,169,8.6,187.99
Doctor Strange,"Action,Adventure,Fantasy",2016,115,7.6,232.6
The Magnificent Seven,"Action,Adventure,Western",2016,132,6.9,93.38
Sausage Party,"Animation,Adventure,Comedy",2016,89,6.3,97.66
Moonlight,Drama,2016,111,7.5,27.85
The Founder,"Biography,Drama,History",2016,115,7.2,12.79
Lowriders,Drama,2016,99,6.3,4.21
Pirates of the Caribbean: On Stranger Tides,"Action,Adventure,Fantasy",2011,136,6.7,241.06
Miss Sloane,"Drama,Thriller",2016,132,7.3,3.44
Star Trek Beyond,"Action,Adventure,Sci-Fi",2016,122,7.1,158.8
Star Wars: Episode VII - The Force Awakens,"Action,Adventure,Fantasy",2015,136,8.1,936.63
Underworld: Blood Wars,"Action,Adventure,Fantasy",2016,91,5.8,30.35
Mother's Day,"Comedy,Drama",2016,118,5.6,32.46
John Wick,"Action,Crime,Thriller",2014,101,7.2,43
The Dark Knight,"Action,Crime,Drama",2008,152,9,533.32
Silence,"Adventure,Drama,History",2016,161,7.3,7.08
Don't Breathe,"Crime,Horror,Thriller",2016,88,7.2,89.21
Me Before You,"Drama,Romance",2016,106,7.4,56.23
Their Finest,"Comedy,Drama,Romance",2016,117,7,3.18
Sully,"Biography,Drama",2016,96,7.5,125.07
Batman v Superman: Dawn of Justice,"Action,Adventure,Sci-Fi",2016,151,6.7,330.25
The Girl on the Train,"Crime,Drama,Mystery",2016,112,6.5,75.31
Fifty Shades of Grey,"Drama,Romance,Thriller",2015,125,4.1,166.15
The Prestige,"Drama,Mystery,Sci-Fi",2006,130,8.5,53.08
Kingsman: The Secret Service,"Action,Adventure,Comedy",2014,129,7.7,128.25
Patriots Day,"Drama,History,Thriller",2016,133,7.4,31.86
Mad Max: Fury Road,"Action,Adventure,Sci-Fi",2015,120,8.1,153.63
Wakefield,Drama,2016,106,7.5,0.01
Deepwater Horizon,"Action,Drama,Thriller",2016,107,7.2,61.28
Allied,"Action,Drama,Romance",2016,124,7.1,40.07
A Monster Calls,"Drama,Fantasy",2016,108,7.5,3.73
Collateral Beauty,"Drama,Romance",2016,97,6.8,30.98
Zootopia,"Animation,Adventure,Comedy",2016,108,8.1,341.26
Pirates of the Caribbean: At World's End,"Action,Adventure,Fantasy",2007,169,7.1,309.4
The Avengers,"Action,Sci-Fi",2012,143,8.1,623.28
Inglourious Basterds,"Adventure,Drama,War",2009,153,8.3,120.52
Pirates of the Caribbean: Dead Man's Chest,"Action,Adventure,Fantasy",2006,151,7.3,423.03
Ghostbusters,"Action,Comedy,Fantasy",2016,116,5.3,128.34
Inception,"Action,Adventure,Sci-Fi",2010,148,8.8,292.57
Captain Fantastic,"Comedy,Drama",2016,118,7.9,5.88
The Wolf of Wall Street,"Biography,Comedy,Crime",2013,180,8.2,116.87
Gone Girl,"Crime,Drama,Mystery",2014,149,8.1,167.74
Furious Seven,"Action,Crime,Thriller",2015,137,7.2,350.03
Jurassic World,"Action,Adventure,Sci-Fi",2015,124,7,652.18
Live by Night,"Crime,Drama",2016,129,6.4,10.38
Avatar,"Action,Adventure,Fantasy",2009,162,7.8,760.51
The Hateful Eight,"Crime,Drama,Mystery",2015,187,7.8,54.12
The Accountant,"Action,Crime,Drama",2016,128,7.4,86.2
Prisoners,"Crime,Drama,Mystery",2013,153,8.1,60.96
Warcraft,"Action,Adventure,Fantasy",2016,123,7,47.17
The Help,Drama,2011,146,8.1,169.71
War Dogs,"Comedy,Crime,Drama",2016,114,7.1,43.02
Avengers: Age of Ultron,"Action,Adventure,Sci-Fi",2015,141,7.4,458.99
The Nice Guys,"Action,Comedy,Crime",2016,116,7.4,36.25
Kimi no na wa,"Animation,Drama,Fantasy",2016,106,8.6,4.68
The Void,"Horror,Mystery,Sci-Fi",2016,90,5.8,0.15
Personal Shopper,"Drama,Mystery,Thriller",2016,105,6.3,1.29
Legend,"Biography,Crime,Drama",2015,132,7,1.87
Thor,"Action,Adventure,Fantasy",2011,115,7,181.02
The Martian,"Adventure,Drama,Sci-Fi",2015,144,8,228.43
The Man from U.N.C.L.E.,"Action,Adventure,Comedy",2015,116,7.3,45.43
Hell or High Water,"Crime,Drama,Thriller",2016,102,7.7,26.86
The Comedian,Comedy,2016,120,5.4,1.66
The Legend of Tarzan,"Action,Adventure,Drama",2016,110,6.3,126.59
Ex Machina,"Drama,Mystery,Sci-Fi",2014,108,7.7,25.44
The Belko Experiment,"Action,Horror,Thriller",2016,89,6.3,10.16
12 Years a Slave,"Biography,Drama,History",2013,134,8.1,56.67
300,"Action,Fantasy,War",2006,117,7.7,210.59
Harry Potter and the Deathly Hallows: Part 2,"Adventure,Drama,Fantasy",2011,130,8.1,380.96
Office Christmas Party,Comedy,2016,105,5.8,54.73
The Neon Demon,"Horror,Thriller",2016,118,6.2,1.33
Dangal,"Action,Biography,Drama",2016,161,8.8,11.15
10 Cloverfield Lane,"Drama,Horror,Mystery",2016,104,7.2,71.9
Finding Dory,"Animation,Adventure,Comedy",2016,97,7.4,486.29
Miss Peregrine's Home for Peculiar Children,"Adventure,Drama,Family",2016,127,6.7,87.24
Divergent,"Adventure,Mystery,Sci-Fi",2014,139,6.7,150.83
Mike and Dave Need Wedding Dates,"Adventure,Comedy,Romance",2016,98,6,46.01
The Dark Knight Rises,"Action,Thriller",2012,164,8.5,448.13
The Jungle Book,"Adventure,Drama,Family",2016,106,7.5,364
Transformers: Age of Extinction,"Action,Adventure,Sci-Fi",2014,165,5.7,245.43
Nerve,"Adventure,Crime,Mystery",2016,96,6.6,38.56
Mamma Mia!,"Comedy,Family,Musical",2008,108,6.4,143.7
The Revenant,"Adventure,Drama,Thriller",2015,156,8,183.64
Fences,Drama,2016,139,7.3,57.64
Into the Woods,"Adventure,Comedy,Drama",2014,125,6,128
The Shallows,"Drama,Horror,Thriller",2016,86,6.4,55.12
Whiplash,"Drama,Music",2014,107,8.5,13.09
Furious 6,"Action,Crime,Thriller",2013,130,7.1,238.67
The Place Beyond the Pines,"Crime,Drama,Thriller",2012,140,7.3,21.38
No Country for Old Men,"Crime,Drama,Thriller",2007,122,8.1,74.27
The Great Gatsby,"Drama,Romance",2013,143,7.3,144.81
Shutter Island,"Mystery,Thriller",2010,138,8.1,127.97
Star Trek,"Action,Adventure,Sci-Fi",2009,127,8,257.7
Diary of a Wimpy Kid,"Comedy,Family",2010,94,6.2,64
The Big Short,"Biography,Comedy,Drama",2015,130,7.8,70.24
Room,Drama,2015,118,8.2,14.68
Django Unchained,"Drama,Western",2012,165,8.4,162.8
Ah-ga-ssi,"Drama,Mystery,Romance",2016,144,8.1,2.01
The Edge of Seventeen,"Comedy,Drama",2016,104,7.4,14.26
Watchmen,"Action,Drama,Mystery",2009,162,7.6,107.5
Superbad,Comedy,2007,113,7.6,121.46
Inferno,"Action,Adventure,Crime",2016,121,6.2,34.26
The BFG,"Adventure,Family,Fantasy",2016,117,6.4,55.47
The Hunger Games,"Adventure,Sci-Fi,Thriller",2012,142,7.2,408
White Girl,Drama,2016,88,5.8,0.2
Sicario,"Action,Crime,Drama",2015,121,7.6,46.88
Aliens vs Predator - Requiem,"Action,Horror,Sci-Fi",2007,94,4.7,41.8
Pacific Rim,"Action,Adventure,Sci-Fi",2013,131,7,101.79
"Crazy, Stupid, Love.","Comedy,Drama,Romance",2011,118,7.4,84.24
Scott Pilgrim vs. the World,"Action,Comedy,Fantasy",2010,112,7.5,31.49
Hot Fuzz,"Action,Comedy,Mystery",2007,121,7.9,23.62
Free Fire,"Action,Comedy,Crime",2016,90,7,1.8
X-Men: Days of Future Past,"Action,Adventure,Sci-Fi",2014,132,8,233.91
Jack Reacher: Never Go Back,"Action,Adventure,Crime",2016,118,6.1,58.4
Casino Royale,"Action,Adventure,Thriller",2006,144,8,167.01
Twilight,"Drama,Fantasy,Romance",2008,122,5.2,191.45
Now You See Me 2,"Action,Adventure,Comedy",2016,129,6.5,65.03
Woman in Gold,"Biography,Drama,History",2015,109,7.3,33.31
13 Hours,"Action,Drama,History",2016,144,7.3,52.82
Spectre,"Action,Adventure,Thriller",2015,148,6.8,200.07
Nightcrawler,"Crime,Drama,Thriller",2014,118,7.9,32.28
Kubo and the Two Strings,"Animation,Adventure,Family",2016,101,7.9,48.02
Her,"Drama,Romance,Sci-Fi",2013,126,8,25.56
Frozen,"Animation,Adventure,Comedy",2013,102,7.5,400.74
Tomorrowland,"Action,Adventure,Family",2015,130,6.5,93.42
Dawn of the Planet of the Apes,"Action,Adventure,Drama",2014,130,7.6,208.54
Tropic Thunder,"Action,Comedy",2008,107,7,110.42
The Conjuring 2,"Horror,Mystery,Thriller",2016,134,7.4,102.46
Ant-Man,"Action,Adventure,Comedy",2015,117,7.3,180.19
Bridget Jones's Baby,"Comedy,Romance",2016,118,6.7,24.09
The VVitch: A New-England Folktale,"Horror,Mystery",2015,92,6.8,25.14
Cinderella,"Drama,Family,Fantasy",2015,105,7,201.15
Forushande,"Drama,Thriller",2016,124,8,3.4
Billy Lynn's Long Halftime Walk,"Drama,War",2016,113,6.3,1.72
Crimson Peak,"Drama,Fantasy,Horror",2015,119,6.6,31.06
Drive,"Crime,Drama",2011,100,7.8,35.05
Trainwreck,"Comedy,Drama,Romance",2015,125,6.3,110.01
The Light Between Oceans,"Drama,Romance",2016,133,7.2,12.53
Spotlight,"Crime,Drama,History",2015,128,8.1,44.99
Morgan,"Horror,Sci-Fi,Thriller",2016,92,5.8,3.91
Warrior,"Action,Drama,Sport",2011,140,8.2,13.65
Captain America: The First Avenger,"Action,Adventure,Sci-Fi",2011,124,6.9,176.64
Into the Wild,"Adventure,Biography,Drama",2007,148,8.1,18.35
The Imitation Game,"Biography,Drama,Thriller",2014,114,8.1,91.12
Central Intelligence,"Action,Comedy,Crime",2016,107,6.3,127.38
Edge of Tomorrow,"Action,Adventure,Sci-Fi",2014,113,7.9,100.19
A Cure for Wellness,"Drama,Fantasy,Horror",2016,146,6.5,8.1
Snowden,"Biography,Drama,Thriller",2016,134,7.3,21.48
Iron Man,"Action,Adventure,Sci-Fi",2008,126,7.9,318.3
Allegiant,"Action,Adventure,Mystery",2016,120,5.7,66
X: First Class,"Action,Adventure,Sci-Fi",2011,132,7.8,146.41
Raw (II),"Drama,Horror",2016,99,7.5,0.51
Paterson,"Comedy,Drama,Romance",2016,118,7.5,2.14
Bridesmaids,"Comedy,Romance",2011,125,6.8,169.08
San Andreas,"Action,Adventure,Drama",2015,114,6.1,155.18
Spring Breakers,Drama,2012,94,5.3,14.12
Transformers,"Action,Adventure,Sci-Fi",2007,144,7.1,318.76
Thor: The Dark World,"Action,Adventure,Fantasy",2013,112,7,206.36
Gods of Egypt,"Action,Adventure,Fantasy",2016,126,5.5,31.14
Captain America: The Winter Soldier,"Action,Adventure,Sci-Fi",2014,136,7.8,259.75
Monster Trucks,"Action,Adventure,Comedy",2016,104,5.7,33.04
Kick-Ass,"Action,Comedy",2010,117,7.7,48.04
Hardcore Henry,"Action,Adventure,Sci-Fi",2015,96,6.7,9.24
Cars,"Animation,Adventure,Comedy",2006,117,7.1,244.05
It Follows,"Horror,Mystery",2014,100,6.9,14.67
The Girl with the Dragon Tattoo,"Crime,Drama,Mystery",2011,158,7.8,102.52
We're the Millers,"Comedy,Crime",2013,110,7,150.37
American Honey,Drama,2016,163,7,0.66
The Lobster,"Comedy,Drama,Romance",2015,119,7.1,8.7
Predators,"Action,Adventure,Sci-Fi",2010,107,6.4,52
Maleficent,"Action,Adventure,Family",2014,97,7,241.41
Pan's Labyrinth,"Drama,Fantasy,War",2006,118,8.2,37.62
A Kind of Murder,"Crime,Drama,Thriller",2016,95,5.2,0
Apocalypto,"Action,Adventure,Drama",2006,139,7.8,50.86
Mission: Impossible - Rogue Nation,"Action,Adventure,Thriller",2015,131,7.4,195
The Huntsman: Winter's War,"Action,Adventure,Drama",2016,114,6.1,47.95
The Perks of Being a Wallflower,"Drama,Romance",2012,102,8,17.74
Jackie,"Biography,Drama,History",2016,100,6.8,13.96
The Disappointments Room,"Drama,Horror,Thriller",2016,85,3.9,2.41
The Grand Budapest Hotel,"Adventure,Comedy,Drama",2014,99,8.1,59.07
The Host,"Action,Adventure,Romance",2013,125,5.9,26.62
Fury,"Action,Drama,War",2014,134,7.6,85.71
Inside Out,"Animation,Adventure,Comedy",2015,95,8.2,356.45
Rock Dog,"Animation,Adventure,Comedy",2016,90,5.8,9.4
Terminator Genisys,"Action,Adventure,Sci-Fi",2015,126,6.5,89.73
Percy Jackson & the Olympians: The Lightning Thief,"Adventure,Family,Fantasy",2010,118,5.9,88.76
Les Mis茅rables,"Drama,Musical,Romance",2012,158,7.6,148.78
Children of Men,"Drama,Sci-Fi,Thriller",2006,109,7.9,35.29
20th Century Women,"Comedy,Drama",2016,119,7.4,5.66
Spy,"Action,Comedy,Crime",2015,119,7.1,110.82
The Intouchables,"Biography,Comedy,Drama",2011,112,8.6,13.18
Bonjour Anne,"Comedy,Drama,Romance",2016,92,4.9,0.32
Kynodontas,"Drama,Thriller",2009,94,7.3,0.11
Straight Outta Compton,"Biography,Drama,History",2015,147,7.9,161.03
The Amazing Spider-Man 2,"Action,Adventure,Sci-Fi",2014,142,6.7,202.85
The Conjuring,"Horror,Mystery,Thriller",2013,112,7.5,137.39
The Hangover,Comedy,2009,100,7.8,277.31
Battleship,"Action,Adventure,Sci-Fi",2012,131,5.8,65.17
Rise of the Planet of the Apes,"Action,Drama,Sci-Fi",2011,105,7.6,176.74
Lights Out,Horror,2016,81,6.4,67.24
Norman: The Moderate Rise and Tragic Fall of a New York Fixer,"Drama,Thriller",2016,118,7.1,2.27
Birdman or (The Unexpected Virtue of Ignorance),"Comedy,Drama,Romance",2014,119,7.8,42.34
Black Swan,"Drama,Thriller",2010,108,8,106.95
Dear White People,"Comedy,Drama",2014,108,6.2,4.4
Nymphomaniac: Vol. I,Drama,2013,117,7,0.79
Teenage Mutant Ninja Turtles: Out of the Shadows,"Action,Adventure,Comedy",2016,112,6,0.54
Knock Knock,"Drama,Horror,Thriller",2015,99,4.9,0.03
Dirty Grandpa,Comedy,2016,102,6,35.54
Cloud Atlas,"Drama,Sci-Fi",2012,172,7.5,27.1
X-Men Origins: Wolverine,"Action,Adventure,Sci-Fi",2009,107,6.7,179.88
Skyfall,"Action,Adventure,Thriller",2012,143,7.8,304.36
The Hobbit: An Unexpected Journey,"Adventure,Fantasy",2012,169,7.9,303
21 Jump Street,"Action,Comedy,Crime",2012,110,7.2,138.45
Sing Street,"Comedy,Drama,Music",2016,106,8,3.23
Oblivion,"Action,Adventure,Mystery",2013,124,7,89.02
22 Jump Street,"Action,Comedy,Crime",2014,112,7.1,191.62
Zodiac,"Crime,Drama,History",2007,157,7.7,33.05
Everybody Wants Some!!,Comedy,2016,117,7,3.37
Iron Man Three,"Action,Adventure,Sci-Fi",2013,130,7.2,408.99
Now You See Me,"Crime,Mystery,Thriller",2013,115,7.3,117.7
Sherlock Holmes,"Action,Adventure,Crime",2009,128,7.6,209.02
The Danish Girl,"Biography,Drama,Romance",2015,119,7,12.71
Hercules,"Action,Adventure",2014,98,6,72.66
Sucker Punch,"Action,Fantasy",2011,110,6.1,36.38
Keeping Up with the Joneses,"Action,Comedy",2016,105,5.8,14.9
Jupiter Ascending,"Action,Adventure,Sci-Fi",2015,127,5.3,47.38
Masterminds,"Action,Comedy,Crime",2016,95,5.8,17.36
Busanhaeng,"Action,Drama,Horror",2016,118,7.5,2.13
Pitch Perfect,"Comedy,Music,Romance",2012,112,7.2,65
Neighbors 2: Sorority Rising,Comedy,2016,92,5.7,55.29
Man of Steel,"Action,Adventure,Fantasy",2013,143,7.1,291.02
The Choice,"Drama,Romance",2016,111,6.6,18.71
Ice Age: Collision Course,"Animation,Adventure,Comedy",2016,94,5.7,64.06
The Devil Wears Prada,"Comedy,Drama",2006,109,6.8,124.73
The Infiltrator,"Biography,Crime,Drama",2016,127,7.1,15.43
There Will Be Blood,"Drama,History",2007,158,8.1,40.22
The Equalizer,"Action,Crime,Thriller",2014,132,7.2,101.53
Lone Survivor,"Action,Biography,Drama",2013,121,7.5,125.07
The Cabin in the Woods,Horror,2012,95,7,42.04
The House Bunny,"Comedy,Romance",2008,97,5.5,48.24
She's Out of My League,"Comedy,Romance",2010,104,6.4,31.58
Inherent Vice,"Comedy,Crime,Drama",2014,148,6.7,8.09
Alice Through the Looking Glass,"Adventure,Family,Fantasy",2016,113,6.2,77.04
The Fast and the Furious: Tokyo Drift,"Action,Crime,Thriller",2006,104,6,62.49
How to Be Single,"Comedy,Romance",2016,110,6.1,46.81
The Blind Side,"Biography,Drama,Sport",2009,129,7.7,255.95
La vie d'Ad猫le,"Drama,Romance",2013,180,7.8,2.2
The Babadook,"Drama,Horror",2014,93,6.8,0.92
The Hobbit: The Battle of the Five Armies,"Adventure,Fantasy",2014,144,7.4,255.11
Harry Potter and the Order of the Phoenix,"Adventure,Family,Fantasy",2007,138,7.5,292
Snowpiercer,"Action,Drama,Sci-Fi",2013,126,7,4.56
The 5th Wave,"Action,Adventure,Sci-Fi",2016,112,5.2,34.91
The Visit,"Comedy,Horror,Thriller",2015,94,6.2,65.07
Fast Five,"Action,Crime,Thriller",2011,131,7.3,209.81
Step Up,"Crime,Drama,Music",2006,104,6.5,65.27
Lovesong,Drama,2016,84,6.4,0.01
RocknRolla,"Action,Crime,Thriller",2008,114,7.3,5.69
In Time,"Action,Sci-Fi,Thriller",2011,109,6.7,37.55
The Social Network,"Biography,Drama",2010,120,7.7,96.92
The Last Witch Hunter,"Action,Adventure,Fantasy",2015,106,6,27.36
Victor Frankenstein,"Drama,Horror,Sci-Fi",2015,110,6,5.77
A Street Cat Named Bob,"Biography,Comedy,Drama",2016,103,7.4,0.04
Green Room,"Crime,Horror,Thriller",2015,95,7,3.22
Blackhat,"Crime,Drama,Mystery",2015,133,5.4,7.1
Storks,"Animation,Adventure,Comedy",2016,87,6.9,72.66
American Sniper,"Action,Biography,Drama",2014,133,7.3,350.12
Dallas Buyers Club,"Biography,Drama",2013,117,8,27.3
Lincoln,"Biography,Drama,History",2012,150,7.4,182.2
Rush,"Action,Biography,Drama",2013,123,8.1,26.9
Silver Linings Playbook,"Comedy,Drama,Romance",2012,122,7.8,132.09
The Fault in Our Stars,"Drama,Romance",2014,126,7.8,124.87
Blended,"Comedy,Romance",2014,117,6.5,46.28
Fast & Furious,"Action,Crime,Thriller",2009,107,6.6,155.02
Looper,"Action,Crime,Drama",2012,119,7.4,66.47
White House Down,"Action,Drama,Thriller",2013,131,6.4,73.1
Pete's Dragon,"Adventure,Family,Fantasy",2016,102,6.8,76.2
Spider-Man 3,"Action,Adventure",2007,139,6.2,336.53
The Three Musketeers,"Action,Adventure,Romance",2011,110,5.8,20.32
Stardust,"Adventure,Family,Fantasy",2007,127,7.7,38.35
American Hustle,"Crime,Drama",2013,138,7.3,150.12
Jennifer's Body,"Comedy,Horror",2009,102,5.1,16.2
Midnight in Paris,"Comedy,Fantasy,Romance",2011,94,7.7,56.82
Joy,Drama,2015,124,6.6,56.44
The Dressmaker,"Comedy,Drama",2015,119,7.1,2.02
Caf茅 Society,"Comedy,Drama,Romance",2016,96,6.7,11.08
Insurgent,"Adventure,Sci-Fi,Thriller",2015,119,6.3,130
Seventh Son,"Action,Adventure,Fantasy",2014,102,5.5,17.18
The Theory of Everything,"Biography,Drama,Romance",2014,123,7.7,35.89
This Is the End,"Comedy,Fantasy",2013,107,6.6,101.47
About Time,"Comedy,Drama,Fantasy",2013,123,7.8,15.29
Step Brothers,Comedy,2008,98,6.9,100.47
Clown,"Horror,Thriller",2014,100,5.7,0.05
Star Trek Into Darkness,"Action,Adventure,Sci-Fi",2013,132,7.8,228.76
Zombieland,"Adventure,Comedy,Horror",2009,88,7.7,75.59
"Hail, Caesar!","Comedy,Mystery",2016,106,6.3,30
Slumdog Millionaire,Drama,2008,120,8,141.32
The Twilight Saga: Breaking Dawn - Part 2,"Adventure,Drama,Fantasy",2012,115,5.5,292.3
The Amazing Spider-Man,"Action,Adventure",2012,136,7,262.03
Ben-Hur,"Action,Adventure,Drama",2016,123,5.7,26.38
Sleight,"Action,Drama,Sci-Fi",2016,89,6,3.85
The Maze Runner,"Action,Mystery,Sci-Fi",2014,113,6.8,102.41
Criminal,"Action,Crime,Drama",2016,113,6.3,14.27
Wanted,"Action,Crime,Fantasy",2008,110,6.7,134.57
Florence Foster Jenkins,"Biography,Comedy,Drama",2016,111,6.9,27.37
Collide,"Action,Crime,Thriller",2016,99,5.7,2.2
Black Mass,"Biography,Crime,Drama",2015,123,6.9,62.56
Creed,"Drama,Sport",2015,133,7.6,109.71
Swiss Army Man,"Adventure,Comedy,Drama",2016,97,7.1,4.21
The Expendables 3,"Action,Adventure,Thriller",2014,126,6.1,39.29
What We Do in the Shadows,"Comedy,Fantasy,Horror",2014,86,7.6,3.33
Southpaw,"Drama,Sport",2015,124,7.4,52.42
Bridge of Spies,"Drama,History,Thriller",2015,142,7.6,72.31
The Lego Movie,"Animation,Action,Adventure",2014,100,7.8,257.76
Everest,"Action,Adventure,Drama",2015,121,7.1,43.25
Pixels,"Action,Comedy,Family",2015,105,5.6,78.75
Robin Hood,"Action,Adventure,Drama",2010,140,6.7,105.22
The Wolverine,"Action,Adventure,Sci-Fi",2013,126,6.7,132.55
John Carter,"Action,Adventure,Sci-Fi",2012,132,6.6,73.06
Keanu,"Action,Comedy",2016,100,6.3,20.57
The Gunman,"Action,Crime,Drama",2015,115,5.8,10.64
Steve Jobs,"Biography,Drama",2015,122,7.2,17.75
Grown Ups 2,Comedy,2013,101,5.4,133.67
The Age of Adaline,"Drama,Fantasy,Romance",2015,112,7.2,42.48
The Incredible Hulk,"Action,Adventure,Sci-Fi",2008,112,6.8,134.52
Couples Retreat,Comedy,2009,113,5.5,109.18
Magic Mike,"Comedy,Drama",2012,110,6.1,113.71
Minions,"Animation,Action,Adventure",2015,91,6.4,336.03
Bronson,"Action,Biography,Crime",2008,92,7.1,0.1
Despicable Me,"Animation,Adventure,Comedy",2010,95,7.7,251.5
The Best of Me,"Drama,Romance",2014,118,6.7,26.76
The Invitation,"Drama,Mystery,Thriller",2015,100,6.7,0.23
Zero Dark Thirty,"Drama,History,Thriller",2012,157,7.4,95.72
Tangled,"Animation,Adventure,Comedy",2010,100,7.8,200.81
The Hunger Games: Mockingjay - Part 2,"Action,Adventure,Sci-Fi",2015,137,6.6,281.67
Vacation,"Adventure,Comedy",2015,99,6.1,58.88
Taken,"Action,Thriller",2008,93,7.8,145
Pitch Perfect 2,"Comedy,Music",2015,115,6.5,183.44
Monsters University,"Animation,Adventure,Comedy",2013,104,7.3,268.49
Mechanic: Resurrection,"Action,Adventure,Crime",2016,98,5.6,21.2
Tusk,"Comedy,Drama,Horror",2014,102,5.4,1.82
Atonement,"Drama,Mystery,Romance",2007,123,7.8,50.92
Harry Potter and the Deathly Hallows: Part 1,"Adventure,Family,Fantasy",2010,146,7.7,294.98
Shame,Drama,2011,101,7.2,4
Hanna,"Action,Drama,Thriller",2011,111,6.8,40.25
The Babysitters,Drama,2007,88,5.7,0.04
Pride and Prejudice and Zombies,"Action,Horror,Romance",2016,108,5.8,10.91
300: Rise of an Empire,"Action,Drama,Fantasy",2014,102,6.2,106.37
London Has Fallen,"Action,Crime,Drama",2016,99,5.9,62.4
The Curious Case of Benjamin Button,"Drama,Fantasy,Romance",2008,166,7.8,127.49
Sin City: A Dame to Kill For,"Action,Crime,Thriller",2014,102,6.5,13.75
The Bourne Ultimatum,"Action,Mystery,Thriller",2007,115,8.1,227.14
The Purge: Election Year,"Action,Horror,Sci-Fi",2016,109,6,79
3 Idiots,"Comedy,Drama",2009,170,8.4,6.52
Zoolander 2,Comedy,2016,102,4.7,28.84
World War Z,"Action,Adventure,Horror",2013,116,7,202.35
Mission: Impossible - Ghost Protocol,"Action,Adventure,Thriller",2011,132,7.4,209.36
Filth,"Comedy,Crime,Drama",2013,97,7.1,0.03
The Longest Ride,"Drama,Romance",2015,123,7.1,37.43
The imposible,"Drama,Thriller",2012,114,7.6,19
Kick-Ass 2,"Action,Comedy,Crime",2013,103,6.6,28.75
Oz the Great and Powerful,"Adventure,Family,Fantasy",2013,130,6.3,234.9
Brooklyn,"Drama,Romance",2015,117,7.5,38.32
Coraline,"Animation,Family,Fantasy",2009,100,7.7,75.28
Blue Valentine,"Drama,Romance",2010,112,7.4,9.7
Silent Hill,"Adventure,Horror,Mystery",2006,125,6.6,46.98
Dredd,"Action,Sci-Fi",2012,95,7.1,13.4
Hunt for the Wilderpeople,"Adventure,Comedy,Drama",2016,101,7.9,5.2
Big Hero 6,"Animation,Action,Adventure",2014,102,7.8,222.49
Carrie,"Drama,Horror",2013,100,5.9,35.27
Iron Man 2,"Action,Adventure,Sci-Fi",2010,124,7,312.06
Demolition,"Comedy,Drama",2015,101,7,1.82
Pandorum,"Action,Horror,Mystery",2009,108,6.8,10.33
Olympus Has Fallen,"Action,Thriller",2013,119,6.5,98.9
I Am Number Four,"Action,Adventure,Sci-Fi",2011,109,6.1,55.09
Jagten,Drama,2012,115,8.3,0.61
The Proposal,"Comedy,Drama,Romance",2009,108,6.7,163.95
Get Hard,"Comedy,Crime",2015,100,6,90.35
Just Go with It,"Comedy,Romance",2011,117,6.4,103.03
Revolutionary Road,"Drama,Romance",2008,119,7.3,22.88
The Town,"Crime,Drama,Thriller",2010,125,7.6,92.17
The Boy,"Horror,Mystery,Thriller",2016,97,6,35.79
Denial,"Biography,Drama",2016,109,6.6,4.07
Goosebumps,"Adventure,Comedy,Family",2015,103,6.3,80.02
Sherlock Holmes: A Game of Shadows,"Action,Adventure,Crime",2011,129,7.5,186.83
Salt,"Action,Crime,Mystery",2010,100,6.4,118.31
Enemy,"Mystery,Thriller",2013,91,6.9,1.01
District 9,"Action,Sci-Fi,Thriller",2009,112,8,115.65
The Other Guys,"Action,Comedy,Crime",2010,107,6.7,119.22
American Gangster,"Biography,Crime,Drama",2007,157,7.8,130.13
Marie Antoinette,"Biography,Drama,History",2006,123,6.4,15.96
2012,"Action,Adventure,Sci-Fi",2009,158,5.8,166.11
Harry Potter and the Half-Blood Prince,"Adventure,Family,Fantasy",2009,153,7.5,301.96
Argo,"Biography,Drama,History",2012,120,7.7,136.02
Eddie the Eagle,"Biography,Comedy,Drama",2016,106,7.4,15.79
The Lives of Others,"Drama,Thriller",2006,137,8.5,11.28
Forgetting Sarah Marshall,"Comedy,Drama,Romance",2008,111,7.2,62.88
The Giver,"Drama,Romance,Sci-Fi",2014,97,6.5,45.09
Triple 9,"Action,Crime,Drama",2016,115,6.3,12.63
Angry Birds,"Animation,Action,Adventure",2016,97,6.3,107.51
Moonrise Kingdom,"Adventure,Comedy,Drama",2012,94,7.8,45.51
Hairspray,"Comedy,Drama,Family",2007,117,6.7,118.82
Safe Haven,"Drama,Romance,Thriller",2013,115,6.7,71.35
Focus,"Comedy,Crime,Drama",2015,105,6.6,53.85
Ratatouille,"Animation,Comedy,Family",2007,111,8,206.44
Stake Land,"Drama,Horror,Sci-Fi",2010,98,6.5,0.02
The Book of Eli,"Action,Adventure,Drama",2010,118,6.9,94.82
Cloverfield,"Action,Horror,Sci-Fi",2008,85,7,80.03
Point Break,"Action,Crime,Sport",2015,114,5.3,28.77
Under the Skin,"Drama,Horror,Sci-Fi",2013,108,6.3,2.61
I Am Legend,"Drama,Horror,Sci-Fi",2007,101,7.2,256.39
Men in Black 3,"Action,Adventure,Comedy",2012,106,6.8,179.02
Super 8,"Mystery,Sci-Fi,Thriller",2011,112,7.1,126.98
Law Abiding Citizen,"Crime,Drama,Thriller",2009,109,7.4,73.34
Up,"Animation,Adventure,Comedy",2009,96,8.3,292.98
Maze Runner: The Scorch Trials,"Action,Sci-Fi,Thriller",2015,131,6.3,81.69
Carol,"Drama,Romance",2015,118,7.2,0.25
Youth,"Comedy,Drama,Music",2015,124,7.3,2.7
Savages,"Crime,Drama,Thriller",2012,131,6.5,47.31
(500) Days of Summer,"Comedy,Drama,Romance",2009,95,7.7,32.39
Movie 43,"Comedy,Romance",2013,94,4.3,8.83
Gravity,"Drama,Sci-Fi,Thriller",2013,91,7.8,274.08
The Boy in the Striped Pyjamas,"Drama,War",2008,94,7.8,9.03
Shooter,"Action,Crime,Drama",2007,124,7.2,46.98
The Happening,"Sci-Fi,Thriller",2008,91,5,64.51
Bone Tomahawk,"Adventure,Drama,Horror",2015,132,7.1,66.01
Easy A,"Comedy,Drama,Romance",2010,92,7.1,58.4
Exodus: Gods and Kings,"Action,Adventure,Drama",2014,150,6,65.01
Chappie,"Action,Crime,Drama",2015,120,6.9,31.57
The Hobbit: The Desolation of Smaug,"Adventure,Fantasy",2013,161,7.9,258.36
Half of a Yellow Sun,"Drama,Romance",2013,111,6.2,0.05
Anthropoid,"Biography,History,Thriller",2016,120,7.2,2.96
The Counselor,"Crime,Drama,Thriller",2013,117,5.3,16.97
Viking,"Action,Drama,History",2016,133,4.7,23.05
Trust,"Crime,Drama,Thriller",2010,106,7,0.06
Birth of the Dragon,"Action,Biography,Drama",2016,103,3.9,93.05
The Green Inferno,"Adventure,Horror",2013,100,5.4,7.19
Godzilla,"Action,Adventure,Sci-Fi",2014,123,6.4,200.66
The Bourne Legacy,"Action,Adventure,Mystery",2012,135,6.7,113.17
A Good Year,"Comedy,Drama,Romance",2006,117,6.9,7.46
Friend Request,"Horror,Thriller",2016,92,5.4,64.03
Lucy,"Action,Sci-Fi,Thriller",2014,89,6.4,126.55
A Quiet Passion,"Biography,Drama",2016,125,7.2,1.08
Need for Speed,"Action,Crime,Drama",2014,132,6.5,43.57
Jack Reacher,"Action,Crime,Mystery",2012,130,7,58.68
The Do-Over,"Action,Adventure,Comedy",2016,108,5.7,0.54
The Ghost Writer,"Mystery,Thriller",2010,128,7.2,15.52
Limitless,"Mystery,Sci-Fi,Thriller",2011,105,7.4,79.24
P.S. I Love You,"Drama,Romance",2007,126,7.1,53.68
Midnight Special,"Drama,Mystery,Sci-Fi",2016,112,6.7,3.71
Don't Think Twice,"Comedy,Drama",2016,92,6.8,4.42
Alice in Wonderland,"Adventure,Family,Fantasy",2010,108,6.5,334.19
Chuck,"Biography,Drama,Sport",2016,98,6.8,0.11
The Break-Up,"Comedy,Drama,Romance",2006,106,5.8,118.68
Loving,"Biography,Drama,Romance",2016,123,7.1,7.7
Fantastic Four,"Action,Adventure,Sci-Fi",2015,100,4.3,56.11
The Boy Next Door,"Mystery,Thriller",2015,91,4.6,35.39
The Gift,"Mystery,Thriller",2015,108,7.1,43.77
Dracula Untold,"Action,Drama,Fantasy",2014,92,6.3,55.94
In the Heart of the Sea,"Action,Adventure,Biography",2015,122,6.9,24.99
Idiocracy,"Adventure,Comedy,Sci-Fi",2006,84,6.6,0.44
The Expendables,"Action,Adventure,Thriller",2010,103,6.5,102.98
Evil Dead,"Fantasy,Horror",2013,91,6.5,54.24
Sinister,"Horror,Mystery",2012,110,6.8,48.06
Wreck-It Ralph,"Animation,Adventure,Comedy",2012,101,7.8,189.41
Snow White and the Huntsman,"Action,Adventure,Drama",2012,127,6.1,155.11
Pan,"Adventure,Family,Fantasy",2015,111,5.8,34.96
Transformers: Dark of the Moon,"Action,Adventure,Sci-Fi",2011,154,6.3,352.36
Juno,"Comedy,Drama",2007,96,7.5,143.49
A Hologram for the King,"Comedy,Drama",2016,98,6.1,4.2
Money Monster,"Crime,Drama,Thriller",2016,98,6.5,41.01
The Other Woman,"Comedy,Romance",2014,109,6,83.91
Enchanted,"Animation,Comedy,Family",2007,107,7.1,127.71
The Intern,"Comedy,Drama",2015,121,7.1,75.27
Little Miss Sunshine,"Comedy,Drama",2006,101,7.8,59.89
Bleed for This,"Biography,Drama,Sport",2016,117,6.8,4.85
Clash of the Titans,"Action,Adventure,Fantasy",2010,106,5.8,163.19
The Finest Hours,"Action,Drama,History",2016,117,6.8,27.55
Tron,"Action,Adventure,Sci-Fi",2010,125,6.8,172.05
The Hunger Games: Catching Fire,"Action,Adventure,Mystery",2013,146,7.6,424.65
All Good Things,"Crime,Drama,Mystery",2010,101,6.3,0.58
Kickboxer: Vengeance,Action,2016,90,4.9,131.56
Sex Tape,"Comedy,Romance",2014,94,5.1,38.54
What to Expect When You're Expecting,"Comedy,Drama,Romance",2012,110,5.7,41.1
Moneyball,"Biography,Drama,Sport",2011,133,7.6,75.61
Ghost Rider,"Action,Fantasy,Thriller",2007,114,5.2,115.8
Unbroken,"Biography,Drama,Sport",2014,137,7.2,115.6
Immortals,"Action,Drama,Fantasy",2011,110,6,83.5
Sunshine,"Adventure,Sci-Fi,Thriller",2007,107,7.3,3.68
Brave,"Animation,Adventure,Comedy",2012,93,7.2,237.28
M盲n som hatar kvinnor,"Drama,Mystery,Thriller",2009,152,7.8,10.1
Adoration,"Drama,Romance",2013,112,6.2,0.32
The Drop,"Crime,Drama,Mystery",2014,106,7.1,10.72
She's the Man,"Comedy,Romance,Sport",2006,105,6.4,2.34
Daddy's Home,"Comedy,Family",2015,96,6.1,150.32
Let Me In,"Drama,Horror,Mystery",2010,116,7.2,12.13
Never Back Down,"Action,Drama,Sport",2008,110,6.6,24.85
Grimsby,"Action,Adventure,Comedy",2016,83,6.2,6.86
Moon,"Drama,Mystery,Sci-Fi",2009,97,7.9,5.01
Megamind,"Animation,Action,Comedy",2010,95,7.3,148.34
Gangster Squad,"Action,Crime,Drama",2013,113,6.7,46
Blood Father,"Action,Crime,Drama",2016,88,6.4,93.95
Kung Fu Panda 3,"Animation,Action,Adventure",2016,95,7.2,143.52
The Rise of the Krays,"Crime,Drama",2015,110,5.1,6.53
Horrible Bosses,"Comedy,Crime",2011,98,6.9,117.53
Mommy,Drama,2014,139,8.1,3.49
Hellboy II: The Golden Army,"Action,Adventure,Fantasy",2008,120,7,75.75
Beautiful Creatures,"Drama,Fantasy,Romance",2013,124,6.2,19.45
Toni Erdmann,"Comedy,Drama",2016,162,7.6,1.48
The Lovely Bones,"Drama,Fantasy,Thriller",2009,135,6.7,43.98
The Assassination of Jesse James by the Coward Robert Ford,"Biography,Crime,Drama",2007,160,7.5,3.9
Don Jon,"Comedy,Drama,Romance",2013,90,6.6,24.48
Bastille Day,"Action,Crime,Drama",2016,92,6.3,0.04
2307: Winter's Dream,Sci-Fi,2016,101,4,20.76
Mr. Right,"Action,Comedy,Romance",2015,95,6.3,0.03
The Secret Life of Walter Mitty,"Adventure,Comedy,Drama",2013,114,7.3,58.23
Dope,"Comedy,Crime,Drama",2015,103,7.3,17.47
Underworld Awakening,"Action,Fantasy,Horror",2012,88,6.4,62.32
Antichrist,"Drama,Horror",2009,108,6.6,0.4
Friday the 13th,Horror,2009,97,5.6,65
Taken 3,"Action,Thriller",2014,109,6,89.25
Total Recall,"Action,Adventure,Mystery",2012,118,6.3,58.88
X-Men: The Last Stand,"Action,Adventure,Fantasy",2006,104,6.7,234.36
Night at the Museum: Secret of the Tomb,"Adventure,Comedy,Family",2014,98,6.2,113.73
Love & Other Drugs,"Comedy,Drama,Romance",2010,112,6.7,32.36
The Interview,Comedy,2014,112,6.6,6.11
The Host,"Comedy,Drama,Horror",2006,120,7,2.2
WALL路E,"Animation,Adventure,Family",2008,98,8.4,223.81
Knocked Up,"Comedy,Romance",2007,129,7,148.73
Source Code,"Mystery,Romance,Sci-Fi",2011,93,7.5,54.7
Lawless,"Crime,Drama",2012,116,7.3,37.4
Unfriended,"Drama,Horror,Mystery",2014,83,5.6,31.54
American Reunion,Comedy,2012,113,6.7,56.72
The Pursuit of Happyness,"Biography,Drama",2006,117,8,162.59
Relatos salvajes,"Comedy,Drama,Thriller",2014,122,8.1,3.08
Frantz,"Drama,History,War",2016,113,7.5,0.86
Gran Torino,Drama,2008,116,8.2,148.09
Burnt,"Comedy,Drama",2015,101,6.6,13.65
Sleeping Beauty,"Drama,Romance",2011,101,5.3,0.03
Vampire Academy,"Action,Comedy,Fantasy",2014,104,5.6,7.79
Sweeney Todd: The Demon Barber of Fleet Street,"Drama,Horror,Musical",2007,116,7.4,52.88
Insidious,"Horror,Mystery,Thriller",2010,103,6.8,53.99
Popstar: Never Stop Never Stopping,"Comedy,Music",2016,87,6.7,9.39
Public Enemies,"Biography,Crime,Drama",2009,140,7,97.03
Boyhood,Drama,2014,165,7.9,25.36
Teenage Mutant Ninja Turtles,"Action,Adventure,Comedy",2014,101,5.9,190.87
Eastern Promises,"Crime,Drama,Mystery",2007,100,7.7,17.11
The Daughter,Drama,2015,96,6.7,0.03
Pineapple Express,"Action,Comedy,Crime",2008,111,7,87.34
The First Time,"Comedy,Drama,Romance",2012,95,6.9,0.02
Gone Baby Gone,"Crime,Drama,Mystery",2007,114,7.7,20.3
The Heat,"Action,Comedy,Crime",2013,117,6.6,159.58
L'avenir,Drama,2016,102,7.1,0.28
Anna Karenina,"Drama,Romance",2012,129,6.6,12.8
Regression,"Crime,Drama,Mystery",2015,106,5.7,0.05
Ted 2,"Adventure,Comedy,Romance",2015,115,6.3,81.26
Pain & Gain,"Comedy,Crime,Drama",2013,129,6.5,49.87
Blood Diamond,"Adventure,Drama,Thriller",2006,143,8,57.37
Child 44,"Crime,Drama,Thriller",2015,137,6.5,1.21
The Hurt Locker,"Drama,History,Thriller",2008,131,7.6,15.7
Green Lantern,"Action,Adventure,Sci-Fi",2011,114,5.6,116.59
The Mist,Horror,2007,126,7.2,25.59
Escape Plan,"Action,Crime,Mystery",2013,115,6.7,25.12
"Love, Rosie","Comedy,Romance",2014,102,7.2,0.01
The DUFF,Comedy,2015,101,6.5,34.02
The Age of Shadows,"Action,Drama,Thriller",2016,140,7.2,0.54
The Hunger Games: Mockingjay - Part 1,"Action,Adventure,Sci-Fi",2014,123,6.7,337.1
We Need to Talk About Kevin,"Drama,Mystery,Thriller",2011,112,7.5,1.74
Love & Friendship,"Comedy,Drama,Romance",2016,90,6.5,14.01
The Mortal Instruments: City of Bones,"Action,Fantasy,Horror",2013,130,5.9,31.17
Seven Pounds,"Drama,Romance",2008,123,7.7,69.95
The King's Speech,"Biography,Drama",2010,118,8,138.8
Hunger,"Biography,Drama",2008,96,7.6,0.15
Jumper,"Action,Adventure,Sci-Fi",2008,88,6.1,80.17
Toy Story 3,"Animation,Adventure,Comedy",2010,103,8.3,414.98
Tinker Tailor Soldier Spy,"Drama,Mystery,Thriller",2011,122,7.1,24.1
Resident Evil: Retribution,"Action,Horror,Sci-Fi",2012,96,5.4,42.35
Dear Zindagi,"Drama,Romance",2016,151,7.8,1.4
Genius,"Biography,Drama",2016,104,6.5,1.36
Pompeii,"Action,Adventure,Drama",2014,105,5.5,23.22
Life of Pi,"Adventure,Drama,Fantasy",2012,127,7.9,124.98
10 Years,"Comedy,Drama,Romance",2011,100,6.1,0.2
I Origins,"Drama,Romance,Sci-Fi",2014,106,7.3,0.33
Live Free or Die Hard,"Action,Adventure,Thriller",2007,128,7.2,134.52
Funny Games,"Crime,Drama,Horror",2007,111,6.5,1.29
Ted,"Comedy,Fantasy",2012,106,7,218.63
RED,"Action,Comedy,Crime",2010,111,7.1,90.36
Australia,"Adventure,Drama,Romance",2008,165,6.6,49.55
Faster,"Action,Crime,Drama",2010,98,6.5,23.23
The Adjustment Bureau,"Romance,Sci-Fi,Thriller",2011,106,7.1,62.45
The Hollars,"Comedy,Drama,Romance",2016,88,6.5,1.02
The Judge,"Crime,Drama",2014,141,7.4,47.11
Closed Circuit,"Crime,Drama,Mystery",2013,96,6.2,5.73
Transformers: Revenge of the Fallen,"Action,Adventure,Sci-Fi",2009,150,6,402.08
La tortue rouge,"Animation,Fantasy",2016,80,7.6,0.92
The Book of Life,"Animation,Adventure,Comedy",2014,95,7.3,50.15
Incendies,"Drama,Mystery,War",2010,131,8.2,6.86
The Heartbreak Kid,"Comedy,Romance",2007,116,5.8,36.77
Happy Feet,"Animation,Comedy,Family",2006,108,6.5,197.99
Entourage,Comedy,2015,104,6.6,32.36
The Strangers,"Horror,Mystery,Thriller",2008,86,6.2,52.53
Noah,"Action,Adventure,Drama",2014,138,5.8,101.16
Neighbors,Comedy,2014,97,6.4,150.06
Nymphomaniac: Vol. II,Drama,2013,123,6.7,0.33
Wild,"Adventure,Biography,Drama",2014,115,7.1,37.88
Grown Ups,Comedy,2010,102,6,162
Blair Witch,"Horror,Thriller",2016,89,5.1,20.75
The Karate Kid,"Action,Drama,Family",2010,140,6.2,176.59
Dark Shadows,"Comedy,Fantasy,Horror",2012,113,6.2,79.71
Friends with Benefits,"Comedy,Romance",2011,109,6.6,55.8
The Illusionist,"Drama,Mystery,Romance",2006,110,7.6,39.83
The A-Team,"Action,Adventure,Comedy",2010,117,6.8,77.21
The Guest,Thriller,2014,100,6.7,0.32
The Internship,Comedy,2013,119,6.3,44.67
Paul,"Adventure,Comedy,Sci-Fi",2011,104,7,37.37
The Da Vinci Code,"Mystery,Thriller",2006,149,6.6,217.54
Mr. Church,"Comedy,Drama",2016,104,7.7,0.69
Hugo,"Adventure,Drama,Family",2011,126,7.5,73.82
The Blackcoat's Daughter,"Horror,Thriller",2015,93,5.6,0.02
Body of Lies,"Action,Drama,Romance",2008,128,7.1,39.38
Knight of Cups,"Drama,Romance",2015,118,5.7,0.56
The Mummy: Tomb of the Dragon Emperor,"Action,Adventure,Fantasy",2008,112,5.2,102.18
The Boss,Comedy,2016,99,5.4,63.03
Hands of Stone,"Action,Biography,Drama",2016,111,6.6,4.71
El secreto de sus ojos,"Drama,Mystery,Romance",2009,129,8.2,20.17
True Grit,"Adventure,Drama,Western",2010,110,7.6,171.03
We Are Your Friends,"Drama,Music,Romance",2015,96,6.2,3.59
A Million Ways to Die in the West,"Comedy,Romance,Western",2014,116,6.1,42.62
Rules Don't Apply,"Comedy,Drama,Romance",2016,127,5.7,3.65
Ouija: Origin of Evil,"Horror,Thriller",2016,99,6.1,34.9
Percy Jackson: Sea of Monsters,"Adventure,Family,Fantasy",2013,106,5.9,68.56
Fracture,"Crime,Drama,Mystery",2007,113,7.2,39
Oculus,"Horror,Mystery",2013,104,6.5,27.69
In Bruges,"Comedy,Crime,Drama",2008,107,7.9,7.76
This Means War,"Action,Comedy,Romance",2012,103,6.3,54.76
The Road,"Adventure,Drama",2009,111,7.3,0.06
Conan the Barbarian,"Action,Adventure,Fantasy",2011,113,5.2,21.27
The Fighter,"Action,Biography,Drama",2010,116,7.8,93.57
August Rush,"Drama,Music",2007,114,7.5,31.66
Chef,"Comedy,Drama",2014,114,7.3,31.24
Eye in the Sky,"Drama,Thriller,War",2015,102,7.3,18.7
Eagle Eye,"Action,Mystery,Thriller",2008,118,6.6,101.11
The Purge,"Horror,Sci-Fi,Thriller",2013,85,5.7,64.42
PK,"Comedy,Drama,Romance",2014,153,8.2,10.57
Ender's Game,"Action,Sci-Fi",2013,114,6.7,61.66
Indiana Jones and the Kingdom of the Crystal Skull,"Action,Adventure,Fantasy",2008,122,6.2,317.01
Paper Towns,"Drama,Mystery,Romance",2015,109,6.3,31.99
High-Rise,Drama,2015,119,5.7,0.34
Quantum of Solace,"Action,Adventure,Thriller",2008,106,6.6,168.37
How to Train Your Dragon,"Animation,Action,Adventure",2010,98,8.1,217.39
Lady in the Water,"Drama,Fantasy,Mystery",2006,110,5.6,42.27
The Fountain,"Drama,Sci-Fi",2006,96,7.3,10.14
Cars 2,"Animation,Adventure,Comedy",2011,106,6.2,191.45
31,"Horror,Thriller",2016,102,5.1,0.78
The Man Who Knew Infinity,"Biography,Drama",2015,108,7.2,3.86
Unknown,"Action,Mystery,Thriller",2011,113,6.9,61.09
Self/less,"Action,Mystery,Sci-Fi",2015,117,6.5,12.28
Mr. Brooks,"Crime,Drama,Thriller",2007,120,7.3,28.48
Before We Go,"Comedy,Drama,Romance",2014,95,6.9,0.04
Captain Phillips,"Biography,Drama,Thriller",2013,134,7.8,107.1
Max Steel,"Action,Adventure,Family",2016,92,4.6,3.77
Hotel Transylvania 2,"Animation,Comedy,Family",2015,89,6.7,169.69
Hancock,"Action,Crime,Drama",2008,92,6.4,227.95
Sisters,Comedy,2015,118,6,87.03
The Family,"Comedy,Crime,Thriller",2013,111,6.3,36.92
Zack and Miri Make a Porno,"Comedy,Romance",2008,101,6.6,31.45
Ma vie de Courgette,"Animation,Comedy,Drama",2016,66,7.8,0.29
Man on a Ledge,"Action,Crime,Thriller",2012,102,6.6,18.6
No Strings Attached,"Comedy,Romance",2011,108,6.2,70.63
Rescue Dawn,"Adventure,Biography,Drama",2006,120,7.3,5.48
Despicable Me 2,"Animation,Adventure,Comedy",2013,98,7.4,368.05
A Walk Among the Tombstones,"Crime,Drama,Mystery",2014,114,6.5,25.98
The World's End,"Action,Comedy,Sci-Fi",2013,109,7,26
Seven Psychopaths,"Comedy,Crime",2012,110,7.2,14.99
Beowulf,"Animation,Action,Adventure",2007,115,6.2,82.16
Jack Ryan: Shadow Recruit,"Action,Drama,Thriller",2014,105,6.2,50.55
1408,"Fantasy,Horror",2007,104,6.8,71.98
The Gambler,"Crime,Drama,Thriller",2014,111,6,33.63
Prince of Persia: The Sands of Time,"Action,Adventure,Fantasy",2010,116,6.6,90.76
The Spectacular Now,"Comedy,Drama,Romance",2013,95,7.1,6.85
A United Kingdom,"Biography,Drama,Romance",2016,111,6.8,3.9
Turbo Kid,"Action,Adventure,Comedy",2015,93,6.7,0.05
Mama,"Horror,Thriller",2013,100,6.2,71.59
Orphan,"Horror,Mystery,Thriller",2009,123,7,41.57
To Rome with Love,"Comedy,Romance",2012,112,6.3,16.68
Fantastic Mr. Fox,"Animation,Adventure,Comedy",2009,87,7.8,21
Inside Man,"Crime,Drama,Mystery",2006,129,7.6,88.5
127 Hours,"Adventure,Biography,Drama",2010,94,7.6,18.33
Annabelle,"Horror,Mystery,Thriller",2014,99,5.4,84.26
The Imaginarium of Doctor Parnassus,"Adventure,Fantasy,Mystery",2009,123,6.8,7.69
G.I. Joe: The Rise of Cobra,"Action,Adventure,Sci-Fi",2009,118,5.8,150.17
Christine,"Biography,Drama",2016,119,7,0.3
Shut In,"Drama,Horror,Thriller",2016,91,4.6,6.88
Grindhouse,"Action,Horror,Thriller",2007,191,7.6,25.03
Disaster Movie,Comedy,2008,87,1.9,14.17
Rocky Balboa,"Drama,Sport",2006,102,7.2,70.27
Diary of a Wimpy Kid: Dog Days,"Comedy,Family",2012,94,6.4,49
Jane Eyre,"Drama,Romance",2011,120,7.4,11.23
Fool's Gold,"Action,Adventure,Comedy",2008,112,5.7,70.22
The Dictator,Comedy,2012,83,6.4,59.62
The Loft,"Mystery,Romance,Thriller",2014,108,6.3,5.98
Bacalaureat,"Crime,Drama",2016,128,7.5,0.13
You Don't Mess with the Zohan,"Action,Comedy",2008,113,5.5,100.02
Horrible Bosses 2,"Comedy,Crime",2014,108,6.3,54.41
A Bigger Splash,"Drama,Thriller",2015,125,6.4,1.98
Melancholia,Drama,2011,135,7.1,3.03
The Princess and the Frog,"Animation,Adventure,Comedy",2009,97,7.1,104.37
Unstoppable,"Action,Thriller",2010,98,6.8,81.56
Flight,"Drama,Thriller",2012,138,7.3,93.75
Home,"Animation,Adventure,Comedy",2015,94,6.7,177.34
La migliore offerta,"Crime,Drama,Mystery",2013,131,7.8,0.09
42,"Biography,Drama,Sport",2013,128,7.5,95
21,"Crime,Drama,Thriller",2008,123,6.8,81.16
Begin Again,"Drama,Music",2013,104,7.4,16.17
Out of the Furnace,"Crime,Drama,Thriller",2013,116,6.8,11.33
Vicky Cristina Barcelona,"Drama,Romance",2008,96,7.1,23.21
Kung Fu Panda,"Animation,Action,Adventure",2008,92,7.6,215.4
Barbershop: The Next Cut,"Comedy,Drama",2016,111,5.9,54.01
Terminator Salvation,"Action,Adventure,Drama",2009,115,6.6,125.32
Freedom Writers,"Biography,Crime,Drama",2007,123,7.5,36.58
The Hills Have Eyes,Horror,2006,107,6.4,41.78
Changeling,"Biography,Drama,Mystery",2008,141,7.8,35.71
Remember Me,"Drama,Romance",2010,113,7.2,19.06
"Alexander and the Terrible, Horrible, No Good, Very Bad Day","Comedy,Family",2014,81,6.2,66.95
Locke,Drama,2013,85,7.1,1.36
Horns,"Drama,Fantasy,Horror",2013,120,6.5,0.16
Indignation,"Drama,Romance",2016,110,6.9,3.4
The Stanford Prison Experiment,"Biography,Drama,History",2015,122,6.9,0.64
Diary of a Wimpy Kid: Rodrick Rules,"Comedy,Family",2011,99,6.6,52.69
Mission: Impossible III,"Action,Adventure,Thriller",2006,126,6.9,133.38
En man som heter Ove,"Comedy,Drama",2015,116,7.7,3.36
Dragonball Evolution,"Action,Adventure,Fantasy",2009,85,2.7,9.35
Red Dawn,"Action,Thriller",2012,93,5.4,44.8
One Day,"Drama,Romance",2011,107,7,13.77
Life as We Know It,"Comedy,Drama,Romance",2010,114,6.6,53.36
28 Weeks Later,"Drama,Horror,Sci-Fi",2007,100,7,28.64
Warm Bodies,"Comedy,Horror,Romance",2013,98,6.9,66.36
Blue Jasmine,Drama,2013,98,7.3,33.4
G.I. Joe: Retaliation,"Action,Adventure,Sci-Fi",2013,110,5.8,122.51
Wrath of the Titans,"Action,Adventure,Fantasy",2012,99,5.8,83.64
Shin Gojira,"Action,Adventure,Drama",2016,120,6.9,1.91
Saving Mr. Banks,"Biography,Comedy,Drama",2013,125,7.5,83.3
Transcendence,"Drama,Mystery,Romance",2014,119,6.3,23.01
Rio,"Animation,Adventure,Comedy",2011,96,6.9,143.62
Equals,"Drama,Romance,Sci-Fi",2015,101,6.1,0.03
Babel,Drama,2006,143,7.5,34.3
The Tree of Life,"Drama,Fantasy",2011,139,6.8,13.3
The Lucky One,"Drama,Romance",2012,101,6.5,60.44
Piranha 3D,"Comedy,Horror,Thriller",2010,88,5.5,25
50/50,"Comedy,Drama,Romance",2011,100,7.7,34.96
This Is 40,"Comedy,Romance",2012,134,6.2,67.52
Real Steel,"Action,Drama,Family",2011,127,7.1,85.46
Sex and the City,"Comedy,Drama,Romance",2008,145,5.5,152.64
Rambo,"Action,Thriller,War",2008,92,7.1,42.72
Concussion,"Biography,Drama,Sport",2015,123,7.1,34.53
The Fall,"Adventure,Comedy,Drama",2006,117,7.9,2.28
The Ugly Truth,"Comedy,Romance",2009,96,6.5,88.92
Bride Wars,"Comedy,Romance",2009,89,5.5,58.72
Sleeping with Other People,"Comedy,Drama,Romance",2015,101,6.5,0.81
Snakes on a Plane,"Action,Adventure,Crime",2006,105,5.6,34.01
What If,"Comedy,Romance",2013,98,6.8,3.45
How to Train Your Dragon 2,"Animation,Action,Adventure",2014,102,7.9,177
RoboCop,"Action,Crime,Sci-Fi",2014,117,6.2,58.61
"Hello, My Name Is Doris","Comedy,Drama,Romance",2015,95,6.7,14.44
Ocean's Thirteen,"Crime,Thriller",2007,122,6.9,117.14
Slither,"Comedy,Horror,Sci-Fi",2006,95,6.5,7.77
Contagion,"Drama,Thriller",2011,106,6.6,75.64
Il racconto dei racconti - Tale of Tales,"Drama,Fantasy,Horror",2015,133,6.4,0.08
Bridge to Terabithia,"Adventure,Drama,Family",2007,96,7.2,82.23
Coherence,"Mystery,Sci-Fi,Thriller",2013,89,7.2,0.07
Notorious,"Biography,Crime,Drama",2009,122,6.7,36.84
Goksung,"Drama,Fantasy,Horror",2016,156,7.5,0.79
The Expendables 2,"Action,Adventure,Thriller",2012,103,6.6,85.02
Perfume: The Story of a Murderer,"Crime,Drama,Fantasy",2006,147,7.5,2.21
The Golden Compass,"Adventure,Family,Fantasy",2007,113,6.1,70.08
Centurion,"Action,Adventure,Drama",2010,97,6.4,0.12
Scouts Guide to the Zombie Apocalypse,"Action,Comedy,Horror",2015,93,6.3,3.64
17 Again,"Comedy,Drama,Family",2009,102,6.4,64.15
No Escape,"Action,Thriller",2015,103,6.8,27.29
Superman Returns,"Action,Adventure,Sci-Fi",2006,154,6.1,200.07
The Twilight Saga: Breaking Dawn - Part 1,"Adventure,Drama,Fantasy",2011,117,4.9,281.28
Precious,Drama,2009,110,7.3,47.54
The Sea of Trees,Drama,2015,110,5.9,0.02
The Master,Drama,2012,144,7.1,16.38
Footloose,"Comedy,Drama,Music",2011,113,5.9,51.78
If I Stay,"Drama,Fantasy,Music",2014,107,6.8,50.46
The Love Witch,"Comedy,Horror",2016,120,6.2,0.22
Talladega Nights: The Ballad of Ricky Bobby,"Action,Comedy,Sport",2006,108,6.6,148.21
The Human Centipede (First Sequence),Horror,2009,92,4.4,0.18
Super,"Comedy,Drama",2010,96,6.8,0.32
Up in the Air,"Drama,Romance",2009,109,7.4,83.81
The Midnight Meat Train,"Horror,Mystery",2008,98,6.1,0.07
The Twilight Saga: Eclipse,"Adventure,Drama,Fantasy",2010,124,4.9,300.52
What's Your Number?,"Comedy,Romance",2011,106,6.1,13.99
Riddick,"Action,Sci-Fi,Thriller",2013,119,6.4,42
The Butler,"Biography,Drama",2013,132,7.2,116.63
King Cobra,"Crime,Drama",2016,91,5.6,0.03
After Earth,"Action,Adventure,Sci-Fi",2013,100,4.9,60.52
Kicks,Adventure,2016,80,6.1,0.15
Me and Earl and the Dying Girl,"Comedy,Drama",2015,105,7.8,6.74
The Descendants,"Comedy,Drama",2011,115,7.3,82.62
Sex and the City 2,"Comedy,Drama,Romance",2010,146,4.3,95.33
The Kings of Summer,"Adventure,Comedy,Drama",2013,95,7.2,1.29
Death Race,"Action,Sci-Fi,Thriller",2008,105,6.4,36.06
That Awkward Moment,"Comedy,Romance",2014,94,6.2,26.05
Legion,"Action,Fantasy,Horror",2010,100,5.2,40.17
End of Watch,"Crime,Drama,Thriller",2012,109,7.7,40.98
3 Days to Kill,"Action,Drama,Thriller",2014,117,6.2,30.69
Lucky Number Slevin,"Crime,Drama,Mystery",2006,110,7.8,22.49
Trance,"Crime,Drama,Mystery",2013,101,7,2.32
Into the Forest,"Drama,Sci-Fi,Thriller",2015,101,5.9,0.01
The Other Boleyn Girl,"Biography,Drama,History",2008,115,6.7,26.81
I Spit on Your Grave,"Crime,Horror,Thriller",2010,108,6.3,0.09
The Walk,"Adventure,Biography,Crime",2015,123,7.3,10.14
The Lone Ranger,"Action,Adventure,Western",2013,150,6.5,89.29
Texas Chainsaw 3D,"Horror,Thriller",2013,92,4.8,34.33
Disturbia,"Drama,Mystery,Thriller",2007,105,6.9,80.05
Rock of Ages,"Comedy,Drama,Musical",2012,123,5.9,38.51
Scream 4,"Horror,Mystery",2011,111,6.2,38.18
Queen of Katwe,"Biography,Drama,Sport",2016,124,7.4,8.81
My Big Fat Greek Wedding 2,"Comedy,Family,Romance",2016,94,6,59.57
The Skin I Live In,"Drama,Thriller",2011,120,7.6,3.19
Miracles from Heaven,"Biography,Drama,Family",2016,109,7,61.69
Annie,"Comedy,Drama,Family",2014,118,5.3,85.91
Across the Universe,"Drama,Fantasy,Musical",2007,133,7.4,24.34
Let's Be Cops,Comedy,2014,104,6.5,82.39
Max,"Adventure,Family",2015,111,6.8,42.65
Your Highness,"Adventure,Comedy,Fantasy",2011,102,5.6,21.56
Final Destination 5,"Horror,Thriller",2011,92,5.9,42.58
Endless Love,"Drama,Romance",2014,104,6.3,23.39
Selma,"Biography,Drama,History",2014,128,7.5,52.07
Underworld: Rise of the Lycans,"Action,Adventure,Fantasy",2009,92,6.6,45.8
Taare Zameen Par,"Drama,Family,Music",2007,165,8.5,1.2
Take Me Home Tonight,"Comedy,Drama,Romance",2011,97,6.3,6.92
Resident Evil: Afterlife,"Action,Adventure,Horror",2010,97,5.9,60.13
Project X,Comedy,2012,88,6.7,54.72
Hostel: Part II,Horror,2007,94,5.5,17.54
Step Up 2: The Streets,"Drama,Music,Romance",2008,98,6.2,58.01
Nine Lives,"Comedy,Family,Fantasy",2016,87,5.3,19.64
